USE library;

INSERT INTO sections(name, manager_id, founder, creation_date, books_quantity) VALUES
('Persian Literature', 305, 'Forough Farrokhzad', '1994-03-15', 420),
('Children\'s Comics', 402, 'Walt Disney Co.', '2001-06-20', 1500),
('Modern Fiction', 512, 'Margaret Atwood', '1999-11-05', 870),
('Science & Nature', 417, 'Carl Sagan', '2005-09-13', 720),
('Travel & Geography', 670, 'Oxford Press', '2012-04-28', 640),
('Science Fiction', 512, 'Isaac Asimov', '1998-08-30', 910),
('Poetry', 233, 'Forough Farrokhzad', '1995-10-21', 580),
('Philosophy', 305, 'Socrates Society', '2003-12-14', 750),
('Children\'s Books', 402, 'Walt Disney Co.', '2010-05-09', 1600),
('Historical Archives', 712, 'UNESCO', '1991-02-19', 480),
('World Mythology', 417, 'Joseph Campbell', '2008-07-11', 330),
('Modern Art', 233, 'Tate Modern', '2015-09-23', 260),
('Biographies', 623, 'Penguin Books', '2000-03-17', 550),
('Mystery & Crime', 402, 'Agatha Christie Ltd.', '2007-01-06', 810),
('Graphic Novels', 417, 'Stan Lee', '2011-11-12', 940),
('Health & Wellness', 715, 'Oxford Press', '2004-02-22', 300),
('Persian Poetry', 305, 'Forough Farrokhzad', '1996-06-04', 410),
('Technology', 670, 'MIT Press', '2016-10-15', 890),
('Drama & Theatre', 623, 'Royal Shakespeare', '1992-12-01', 620),
('Economics', 402, 'Milton Friedman', '1997-09-19', 580),
('Political Science', 233, 'G. Orwell Trust', '1993-08-22', 470),
('Foreign Languages', 712, 'Duolingo', '2018-03-08', 610),
('Cookbooks', 715, 'Julia Child', '2006-04-03', 530),
('Religious Texts', 305, 'Oxford Press', '1991-07-14', 720),
('Fairytales', 111, 'Penguin Books', '1992-07-11', 100);

INSERT INTO founders(name, city) VALUES
('Forough Farrokhzad', 'Tehran'),
('Walt Disney Co.', 'Burbank'),
('Margaret Atwood', 'Toronto'),
('Carl Sagan', 'Ithaca'),
('Lonely Planet', 'Melbourne'),
('Isaac Asimov', 'New York'),
('Socrates Society', 'Athens'),
('UNESCO', 'Paris'),
('Joseph Campbell', 'White Plains'),
('Tate Modern', 'London'),
('Penguin Books', 'London'),
('Agatha Christie Ltd.', 'Torquay'),
('Stan Lee', 'New York'),
('WHO', 'Geneva'),
('MIT Press', 'Cambridge'),
('Royal Shakespeare Co.', 'Stratford-upon-Avon'),
('Milton Friedman', 'Chicago'),
('George Orwell Trust', 'Motihari'),
('Duolingo', 'Pittsburgh'),
('Julia Child', 'Pasadena'),
('Oxford Press', 'Oxford');

INSERT INTO managers(id, full_name, birthdate, favourite_genre, favourite_book, salary) VALUES
(305, 'Arman Nazari', '1980-06-18', 'Poetry', 'The Conference of the Birds', 52000),
(402, 'James Holbrook', '1975-03-22','Fantasy', 'Harry Potter and the Sorcerer\'s Stone', 58000),
(417, 'Farid Amini', '1983-01-09', 'Mythology', 'The Hero with a Thousand Faces', 51000),
(512, 'Natalie Chen', '1986-07-14', 'Sci-Fi', 'Foundation', 56000),
(623, 'Daniel Arkwright', '1970-09-30', 'Biography', 'The Diary of Anne Frank', 60000),
(670, 'Sophie Martinez', '1990-04-03','Technology', 'The Innovators', 50000),
(712, 'Yasmin Reza', '1968-12-25', 'World Culture', 'A History of the World', 53000),
(715, 'Nina Schwartz', '1978-08-11', 'Health', 'The Omnivore\'s Dilemma', 49000),
(233,  'Carlos Alvarez', '2000-12-23', 'Romance', 'Dracula', 56000),
(111, 'Mykyta Rak', '1999-10-02', 'Poetry', 'Another Birth', 45000);

INSERT INTO departments(name,headmen_name,is_under_reconstruction,reconstruntion_fund,reconstruction_founder)VALUES
('SMM', 'Ava Dastan', TRUE, 12000, 'Walt Disney Co.'),
('Archives', 'Ivan Yohansen', FALSE, 0, 'UNESCO'),
('IT Services', 'Yasmin Reza', TRUE, 18500, 'MIT Press'),
('Financial Acc.', 'James Holbrook', FALSE, 0, 'Penguin Books'),
('Art Curation', 'Lina Moghaddam', TRUE, 23000, 'Tate Modern'),
('Community Outreach', 'Carlos Alvarez', FALSE, 0, 'Oxford Press'),
('Children\'s Ed.', 'Diane Thomas', TRUE, 16000, 'Scholastic Inc.'),
('Cultural Events', 'Farid Amini', FALSE, 0, 'Rumi Institute'),
('PR', 'Mykyta Rak', TRUE, 20000, 'Joseph Campbell');

INSERT INTO books_borrowed (ISBN, name, genre, year_of_release, author) VALUES
('9780140449136', 'Whispers of the Past', 'Historical', '2005-06-12', 'Carlos Alvarez'),
('9780385545969', 'Midnight Dreams', 'Fantasy', '2012-09-20', 'Yasmin Reza'),
('9780553386790', 'Echoes of Silence', 'Drama', '2010-03-15', 'Farid Amini'),
('9780451524935', 'The Last Horizon', 'Adventure', '2018-11-05', 'Carlos Alvarez'),
('9780143127551', 'Voices in the Wind', 'Mystery', '2007-02-27', 'Yasmin Reza'),
('9780062315007', 'Shadows and Light', 'Thriller', '2013-07-10', 'Farid Amini'),
('9780307279460', 'The Silent Path', 'Philosophy', '2009-05-18', 'Carlos Alvarez'),
('9780307743657', 'Broken Chains', 'Historical', '2011-08-03', 'Yasmin Reza'),
('9780143105985', 'Crossroads', 'Drama', '2015-10-12', 'Farid Amini'),
('9780393356182', 'Beneath the Stars', 'Romance', '2008-04-23', 'Carlos Alvarez'),
('9780316015844', 'The Hidden Truth', 'Mystery', '2014-06-30', 'Yasmin Reza'),
('9780743273565', 'The Forgotten Tale', 'Adventure', '2017-01-15', 'Farid Amini'),
('9780452284234', 'Silent Whispers', 'Thriller', '2010-09-25', 'Carlos Alvarez'),
('9780142437230', 'Lost in Time', 'Historical', '2006-12-10', 'Yasmin Reza'),
('9780679783268', 'The Final Hour', 'Mystery', '2019-03-07', 'Farid Amini'),
('9780142000670', 'Whispers in the Archive', 'Mystery', '2015-04-17', 'Leila Hassan'),
('9780385537858', 'Algorithmic Dreams', 'Science Fiction', '2019-07-09', 'Victor Kwan'),
('9780060935467', 'A Theory of Clocks', 'Philosophy', '2013-09-25', 'Nina Volkov'),
('9780307277671', 'Librarian\'s Gambit', 'Thriller', '2021-02-12', 'Mohammed El-Tayeb'),
('9780452296541', 'The Paper Kingdom', 'Fantasy', '2016-11-01', 'Isabelle Fournier');